{
  "n_runs": 2,
  "final_eval_mean_of_means": 472.1,
  "final_eval_std_of_means": 27.900000000000006,
  "final_eval_min": 444.2,
  "final_eval_max": 500.0,
  "solve_rate": 1.0,
  "solve_gen_mean": 0.5,
  "solve_gen_std": 0.5,
  "wall_time_mean_s": 7.052725195884705,
  "wall_time_std_s": 0.19938194751739502
}