{
  "n_runs": 3,
  "final_eval_mean_of_means": 497.2833333333333,
  "final_eval_std_of_means": 3.8419468444468974,
  "final_eval_min": 491.85,
  "final_eval_max": 500.0,
  "solve_rate": 1.0,
  "solve_gen_mean": 0.3333333333333333,
  "solve_gen_std": 0.4714045207910317,
  "wall_time_mean_s": 28.166311740875244,
  "wall_time_std_s": 1.6518035573350864
}